Player	Team	Pos	G	AB	R	H	2B	3B	HR	RBI	SB	CS	BB	SO	SH	SF	HBP	AVG	OBP	SLG	OPS
Ichiro Suzuki	SEA	OF	161	677	80	184	22	3	5	47	40	7	39	69	1	4	0	.272	.310	.335	.645
Starlin Castro	CHC	2B	158	674	91	207	36	9	10	66	22	9	35	96	0	4	2	.307	.341	.432	.773
Jacoby Ellsbury	BOS	OF	158	660	119	212	46	5	32	105	39	15	52	98	3	5	9	.321	.376	.552	.928
Melky Cabrera	KC	OF	155	658	102	201	44	5	18	87	20	10	35	94	7	5	1	.305	.339	.470	.809
Nick Markakis	BAL	OF	160	641	72	182	31	1	15	73	12	3	62	75	0	6	7	.284	.351	.406	.757
Juan Pierre	CWS	OF	158	639	80	178	17	4	2	50	27	17	43	41	19	3	7	.279	.329	.327	.656
Dustin Pedroia	BOS	2B	159	635	102	195	37	3	21	91	26	8	86	85	2	7	1	.307	.387	.474	.861
Michael Young	TEX	3B	159	631	88	213	41	6	11	106	6	2	47	78	0	9	2	.338	.380	.474	.854
Adrian Gonzalez	BOS	1B	159	630	108	213	45	3	27	117	1	0	74	119	0	5	6	.338	.410	.548	.958
Robinson Cano	NYY	2B	159	623	104	188	46	7	28	118	8	2	38	96	0	8	12	.302	.349	.533	.882
Ian Kinsler	TEX	2B	155	620	121	158	34	4	32	77	30	4	89	71	4	2	8	.255	.355	.477	.832
Alexei Ramirez	CWS	SS	158	614	81	165	31	2	15	70	7	5	51	84	8	5	6	.269	.328	.399	.727
Alex Gordon	KC	OF	151	611	101	185	45	4	23	87	17	8	67	139	0	3	7	.303	.376	.502	.878
Brandon Phillips	CIN	2B	150	610	94	183	38	2	18	82	14	9	44	85	5	6	9	.300	.353	.457	.810
Asdrubal Cabrera	CLE	2B	151	604	87	165	32	3	25	92	17	5	44	119	4	4	11	.273	.332	.460	.792
Drew Stubbs	CIN	OF	158	604	92	147	22	3	15	44	40	10	63	205	6	1	7	.243	.321	.364	.685
Matt Kemp	LAD	OF	161	602	115	195	33	4	39	126	40	11	74	159	0	7	6	.324	.399	.586	.985
Jeff Francoeur	KC	OF	153	601	77	171	47	4	20	87	22	10	37	123	0	10	8	.285	.329	.476	.805
Dan Uggla	ATL	2B	161	600	88	140	22	1	36	82	1	3	62	156	0	3	7	.233	.311	.453	.764
Joey Votto	CIN	1B	161	599	101	185	40	3	29	103	8	6	110	129	0	6	4	.309	.416	.531	.947
Billy Butler	KC	1B	159	597	74	174	44	0	19	95	2	1	66	95	0	7	3	.291	.361	.461	.822
Neil Walker	PIT	2B	159	596	76	163	36	4	12	83	9	6	54	112	0	8	4	.273	.334	.408	.742
Justin Upton	ARI	OF	159	592	105	171	39	5	31	88	21	9	59	126	0	4	19	.289	.369	.529	.898
Austin Jackson	DET	OF	153	591	90	147	22	11	10	45	22	5	56	181	14	3	4	.249	.317	.374	.691
Mark Teixeira	NYY	1B	156	589	90	146	26	1	39	111	4	1	76	110	0	8	11	.248	.341	.494	.835
Ben Zobrist	TB	2B	156	588	99	158	46	6	20	91	19	6	77	128	2	5	2	.269	.353	.469	.822
Elvis Andrus	TEX	SS	150	587	96	164	27	3	5	60	37	12	56	74	16	1	5	.279	.347	.361	.708
Jay Bruce	CIN	1B	157	585	84	150	27	2	32	97	8	7	71	158	1	2	5	.256	.341	.474	.815
Carlos Lee	HOU	1B	155	585	66	161	38	4	18	94	4	3	59	60	0	6	3	.275	.342	.446	.788
Ian Desmond	WAS	OF	154	584	65	148	27	5	8	49	25	10	35	139	11	5	4	.253	.298	.358	.656
Curtis Granderson	NYY	OF	156	583	136	153	26	10	41	119	25	10	85	169	4	7	12	.262	.364	.552	.916
Johnny Damon	TB	OF	150	582	79	152	29	7	16	73	19	6	51	92	2	5	7	.261	.326	.418	.744
Torii Hunter	LAA	OF	156	580	80	152	24	2	23	82	5	7	62	125	0	3	4	.262	.336	.429	.765
Omar Infante	FLA	2B	148	579	55	160	24	8	7	49	4	2	34	67	17	8	2	.276	.315	.382	.697
Albert Pujols	STL	1B	147	579	105	173	29	0	37	99	9	1	61	58	0	7	4	.299	.366	.541	.907
Danny Espinosa	WAS	2B	158	573	72	135	29	5	21	66	17	6	57	166	5	4	19	.236	.323	.414	.737
Andrew McCutchen	PIT	OF	158	572	87	148	34	5	23	89	23	10	89	126	2	6	9	.259	.364	.456	.820
Miguel Cabrera	DET	1B	161	572	111	197	48	0	30	105	2	1	108	89	0	5	3	.344	.448	.586	1.034
Gaby Sanchez	FLA	1B	159	572	72	152	35	0	19	78	3	1	74	97	2	7	6	.266	.352	.427	.779
Freddie Freeman	ATL	1B	157	571	67	161	32	0	21	76	4	4	53	142	0	5	6	.282	.346	.448	.794
Prince Fielder	MIL	DH	162	569	95	170	36	1	38	120	1	1	107	106	0	6	10	.299	.415	.566	.981
Chris Young	ARI	OF	156	567	89	134	38	3	20	71	22	9	80	139	1	7	4	.236	.331	.420	.751
Jimmy Rollins	PHI	SS	142	567	87	152	22	2	16	63	30	8	58	59	0	3	3	.268	.338	.399	.737
Adam Jones	BAL	OF	151	567	68	159	26	2	25	83	12	4	29	113	1	12	9	.280	.319	.466	.785
Aramis Ramirez	CHC	3B	149	565	80	173	35	1	26	93	1	1	43	69	0	8	10	.306	.361	.510	.871
Emilio Bonifacio	FLA	OF	152	565	78	167	26	7	5	36	40	11	59	129	11	5	1	.296	.360	.393	.753
Alex Gonzalez	ATL	SS	149	564	59	136	27	1	15	56	2	0	22	126	4	2	1	.241	.270	.372	.642
Danny Valencia	MIN	3B	154	564	63	139	28	2	15	72	2	6	40	102	0	4	0	.246	.294	.383	.677
Ryan Braun	MIL	OF	150	563	109	187	38	6	33	111	33	6	58	93	0	3	5	.332	.397	.597	.994
Vladimir Guerrero	BAL	DH	145	562	60	163	30	1	13	63	2	2	17	56	0	4	7	.290	.317	.416	.733
Jayson Werth	WAS	OF	150	561	69	130	26	1	20	58	19	3	74	160	0	4	10	.232	.330	.389	.719
B.J. Upton	TB	OF	153	560	82	136	27	4	23	81	36	12	71	161	2	3	4	.243	.331	.429	.760
Ryan Howard	PHI	1B	152	557	81	141	30	1	33	116	1	0	75	172	0	5	7	.253	.346	.488	.834
Erick Aybar	LAA	SS	143	556	71	155	33	8	10	59	30	6	31	68	9	3	6	.279	.322	.421	.743
Yuniesky Betancourt	MIL	2B	152	556	51	140	27	3	13	68	4	4	16	63	0	10	2	.252	.271	.381	.652
Jason Bartlett	SD	SS	139	554	61	136	22	3	2	40	23	10	48	98	5	6	5	.245	.308	.307	.615
Carlos Santana	CLE	1B	155	552	84	132	35	2	27	79	5	3	97	133	0	7	2	.239	.351	.457	.808
Martin Prado	ATL	3B	129	551	66	143	26	2	13	57	4	8	34	52	1	3	1	.260	.302	.385	.687
Alcides Escobar	KC	SS	158	548	69	139	21	8	4	46	26	9	25	73	18	3	4	.254	.290	.343	.633
Casey McGehee	MIL	3B	155	546	46	122	24	2	13	67	0	3	45	104	0	8	1	.223	.280	.346	.626
Derek Jeter	NYY	SS	131	546	84	162	24	4	6	61	16	6	46	81	4	5	6	.297	.355	.388	.743
Paul Konerko	CWS	1B	149	543	69	163	25	0	31	105	1	1	77	89	0	11	8	.300	.388	.517	.905
Victor Martinez	DET	DH	145	540	76	178	40	0	12	103	1	0	46	51	0	7	2	.330	.380	.470	.850
Mark Trumbo	LAA	DH	149	539	65	137	31	1	29	87	9	4	25	120	0	4	5	.254	.291	.477	.768
Jose Reyes	NYM	SS	126	537	101	181	31	16	7	44	39	7	43	41	2	4	0	.337	.384	.493	.877
Alex Rios	CWS	OF	145	537	64	122	22	2	13	44	11	6	27	68	0	4	2	.227	.265	.348	.613
Troy Tulowitzki	COL	SS	143	537	81	162	36	2	30	105	9	3	59	79	1	5	4	.302	.372	.544	.916
Howie Kendrick	LAA	2B	140	537	86	153	30	6	18	63	14	6	33	119	3	0	10	.285	.338	.464	.802
Raul Ibanez	PHI	OF	144	535	65	131	31	1	20	84	2	0	33	106	0	5	2	.245	.289	.419	.708
Mark Reynolds	BAL	1B	155	534	84	118	27	1	37	86	6	4	75	196	0	4	7	.221	.323	.483	.806
Coco Crisp	OAK	OF	136	531	69	140	27	5	8	54	49	9	41	65	4	6	1	.264	.314	.379	.693
James Loney	LAD	1B	158	531	56	153	30	1	12	65	4	0	42	67	3	5	1	.288	.339	.416	.755
Michael Cuddyer	MIN	OF	139	529	70	150	29	2	20	70	11	1	48	95	0	3	4	.284	.346	.459	.805
Darwin Barney	CHC	2B	143	529	66	146	23	6	2	43	9	2	22	67	7	4	8	.276	.313	.353	.666
J.J. Hardy	BAL	SS	129	527	76	142	27	0	30	80	0	0	31	92	2	5	2	.269	.310	.491	.801
Nick Swisher	NYY	OF	150	526	81	137	30	0	23	85	2	2	95	125	1	8	5	.260	.374	.449	.823
Jhonny Peralta	DET	3B	146	525	68	157	25	3	21	86	0	2	40	95	0	9	2	.299	.345	.478	.823
David Ortiz	BOS	DH	146	525	84	162	40	1	29	96	1	1	78	83	0	1	1	.309	.398	.554	.952
Eric Hosmer	KC	1B	128	523	66	153	27	3	19	78	11	5	34	82	0	5	1	.293	.334	.465	.799
Mike Morse	WAS	1B	146	522	73	158	36	0	31	95	2	3	36	126	0	4	13	.303	.360	.550	.910
Aubrey Huff	SF	1B	150	521	45	128	27	1	12	59	5	3	47	90	0	9	2	.246	.306	.370	.676
Shane Victorino	PHI	OF	132	519	95	145	27	16	17	61	19	3	55	63	6	0	6	.279	.355	.491	.846
Hideki Matsui	OAK	OF	141	517	58	130	28	0	12	72	1	1	56	84	0	9	1	.251	.321	.375	.696
Cameron Maybin	SD	OF	137	516	82	136	24	8	9	40	40	8	44	125	4	2	2	.264	.323	.393	.716
Giancarlo Stanton	FLA	OF	150	516	79	135	30	5	34	87	5	5	70	166	0	6	9	.262	.356	.537	.893
Cliff Pennington	OAK	2B	148	515	57	136	26	2	8	58	14	9	42	104	8	4	1	.264	.319	.369	.688
Jose Bautista	TOR	3B	149	513	105	155	24	2	43	103	9	5	132	111	0	4	6	.302	.447	.608	1.055
Yunel Escobar	TOR	3B	133	513	77	149	24	3	11	48	3	3	61	70	5	5	6	.290	.369	.413	.782
Brett Gardner	NYY	OF	159	510	87	132	19	8	7	36	49	13	60	93	8	2	8	.259	.345	.369	.714
Carl Crawford	BOS	OF	130	506	65	129	29	7	11	56	18	6	23	104	2	4	3	.255	.289	.405	.694
Vernon Wells	LAA	OF	131	505	60	110	15	4	25	66	9	4	20	86	0	3	1	.218	.248	.412	.660
Bobby Abreu	LAA	OF	142	502	54	127	30	1	8	60	21	5	78	113	1	3	1	.253	.353	.365	.718
Peter Bourjos	LAA	OF	147	502	72	136	26	11	12	43	22	9	32	124	7	1	10	.271	.327	.438	.765
Casey Kotchman	TB	1B	146	500	44	153	24	2	10	48	2	2	48	66	0	3	12	.306	.378	.422	.800
Matt Wieters	BAL	C	139	500	72	131	28	0	22	68	1	0	48	84	0	1	2	.262	.328	.450	.778
Gordon Beckham	CWS	2B	150	499	60	115	23	0	10	44	5	3	35	111	7	3	13	.230	.296	.337	.633
Adam Lind	TOR	1B	125	499	56	125	16	0	26	87	1	1	32	107	0	8	3	.251	.295	.439	.734
Miguel Montero	ARI	C	140	493	65	139	36	1	18	86	1	1	47	97	1	4	8	.282	.351	.469	.820
Carlos Pena	CHC	1B	153	493	72	111	27	3	28	80	2	2	101	161	1	7	4	.225	.357	.462	.819
Corey Hart	MIL	1B	130	492	80	140	25	4	26	63	7	6	51	114	3	1	4	.285	.356	.510	.866
Josh Willingham	OAK	OF	136	488	69	120	26	0	29	98	4	1	56	150	0	8	11	.246	.332	.477	.809
Lance Berkman	STL	1B	145	488	90	147	23	2	31	94	2	6	92	93	0	4	3	.301	.412	.547	.959
Adrian Beltre	TEX	3B	124	487	82	144	33	0	32	105	1	1	25	53	0	8	5	.296	.331	.561	.892
Josh Hamilton	TEX	OF	121	487	80	145	31	5	25	94	8	1	39	93	0	10	2	.298	.346	.536	.882
Andre Ethier	LAD	OF	135	487	67	142	30	0	11	62	0	1	58	103	0	3	3	.292	.368	.421	.789
Evan Longoria	TB	3B	133	483	78	118	26	1	31	99	3	2	80	93	0	5	6	.244	.355	.495	.850
Ryan Roberts	ARI	3B	143	482	86	120	25	2	19	65	18	9	66	98	3	2	2	.249	.341	.427	.768
Carlos Gonzalez	COL	OF	127	481	92	142	27	3	26	92	20	5	48	105	0	6	7	.295	.363	.526	.889
Edwin Encarnacion	TOR	1B	134	481	70	131	36	0	17	55	8	2	43	77	0	3	3	.272	.334	.453	.787
Dexter Fowler	COL	OF	125	481	84	128	35	15	5	45	12	9	68	130	7	1	6	.266	.363	.432	.795
Angel Pagan	NYM	OF	123	478	68	125	24	4	7	56	32	7	44	62	4	5	1	.262	.322	.372	.694
Miguel Olivo	SEA	C	130	477	54	107	19	1	19	62	6	5	20	140	1	8	1	.224	.253	.388	.641
Seth Smith	COL	OF	147	476	67	135	32	9	15	59	10	2	46	93	0	7	4	.284	.347	.483	.830
Alfonso Soriano	CHC	OF	137	475	50	116	27	1	26	88	2	1	27	113	0	2	4	.244	.289	.469	.758
Alberto Callaspo	LAA	3B	141	475	54	137	23	0	6	46	8	1	58	48	0	2	1	.288	.366	.375	.741
Yadier Molina	STL	C	139	475	55	145	32	1	14	65	4	5	33	44	5	4	1	.305	.349	.465	.814
Nelson Cruz	TEX	DH	124	475	64	125	28	1	29	87	9	5	33	116	0	3	2	.263	.312	.509	.821
Placido Polanco	PHI	3B	122	469	46	130	14	0	5	50	3	0	42	44	1	8	3	.277	.335	.339	.674
John Buck	FLA	C	140	466	41	106	15	1	16	57	0	1	54	115	2	1	7	.227	.316	.367	.683
Brian McCann	ATL	C	128	466	51	126	19	0	24	71	3	2	57	89	0	2	2	.270	.351	.466	.817
Alex Avila	DET	C	141	464	63	137	33	4	19	82	3	1	73	131	3	8	3	.295	.389	.506	.895
Mitch Moreland	TEX	1B	134	464	60	120	22	1	16	51	2	2	39	92	2	3	4	.259	.320	.414	.734
A.J. Pierzynski	CWS	C	129	464	38	133	29	1	8	48	0	0	23	33	2	6	5	.287	.323	.405	.728
Matt Joyce	TB	OF	141	462	69	128	32	2	19	75	13	1	49	106	0	7	4	.277	.347	.478	.825
Logan Morrison	FLA	1B	123	462	54	114	25	4	23	72	2	1	54	99	0	4	5	.247	.330	.468	.798
Kurt Suzuki	OAK	C	134	460	54	109	26	0	14	44	2	2	38	64	3	7	7	.237	.301	.385	.686
Robert Andino	BAL	2B	139	457	63	120	22	0	5	36	13	3	41	83	9	1	3	.263	.327	.344	.671
Chipper Jones	ATL	3B	126	455	56	125	33	1	18	70	2	2	51	80	0	6	0	.275	.344	.470	.814
Jon Jay	STL	OF	159	455	56	135	24	2	10	37	6	7	28	81	9	4	7	.297	.344	.424	.768
Aaron Miles	LAD	2B	136	454	49	125	17	3	3	45	4	3	25	49	3	5	3	.275	.314	.346	.660
Rickie Weeks	MIL	DH	118	453	77	122	26	2	20	49	9	2	50	107	1	3	8	.269	.350	.468	.818
Jamey Carroll	LAD	SS	146	452	52	131	14	6	0	17	10	0	47	58	8	1	2	.290	.359	.347	.706
Michael Brantley	CLE	OF	114	451	63	120	24	4	7	46	13	5	34	76	3	5	3	.266	.318	.384	.702
Ben Revere	MIN	OF	117	450	56	120	9	5	0	30	34	9	26	41	3	0	2	.267	.310	.309	.619
Maicer Izturis	LAA	2B	122	449	51	124	35	0	5	38	9	6	33	65	0	4	8	.276	.334	.388	.722
Matt Holliday	STL	OF	124	446	83	132	36	0	22	75	2	1	60	93	0	2	8	.296	.388	.525	.913
Clint Barmes	HOU	SS	123	446	47	109	27	0	12	39	3	1	38	88	2	2	7	.244	.312	.386	.698
Marlon Byrd	CHC	OF	119	446	51	123	22	2	9	35	3	2	25	78	1	2	8	.276	.324	.395	.719
Gerardo Parra	ARI	OF	141	445	55	130	20	8	8	46	15	1	43	82	0	2	3	.292	.357	.427	.784
Jason Bay	NYM	OF	123	444	59	109	19	1	12	57	11	1	56	109	1	6	2	.245	.329	.374	.703
J.P. Arencibia	TOR	C	129	443	47	97	20	4	23	78	1	1	36	133	0	3	4	.219	.282	.438	.720
David DeJesus	OAK	OF	131	442	60	106	20	5	10	46	4	3	45	86	4	4	11	.240	.323	.376	.699
Ryan Theriot	STL	2B	132	442	46	120	26	1	1	47	4	6	29	41	6	2	4	.271	.321	.342	.663
Brendan Ryan	SEA	2B	123	436	51	108	19	3	3	39	13	3	34	87	9	5	10	.248	.313	.326	.639
Justin Turner	NYM	3B	117	435	49	113	30	0	4	51	7	2	39	59	2	1	10	.260	.334	.356	.690
Kevin Youkilis	BOS	3B	120	431	68	111	32	2	17	80	3	0	68	100	0	4	14	.258	.373	.459	.832
Kelly Johnson	ARI	2B	114	430	59	90	23	5	18	49	13	3	44	132	4	0	3	.209	.287	.412	.699
Jonathan Lucroy	MIL	C	136	430	45	114	16	1	12	59	2	1	29	99	4	3	2	.265	.313	.391	.704
Michael Bourn	HOU	OF	105	429	64	130	26	7	1	32	39	7	38	90	2	1	3	.303	.363	.403	.766
Brennan Boesch	DET	OF	115	428	75	121	25	1	16	54	5	3	35	83	0	4	5	.283	.341	.458	.799
Justin Smoak	SEA	1B	123	427	38	100	24	0	15	55	0	0	55	105	0	4	3	.234	.323	.396	.719
Pablo Sandoval	SF	3B	117	426	55	134	26	3	23	70	2	4	32	63	1	7	0	.315	.357	.552	.909
Garrett Jones	PIT	1B	148	423	51	103	30	1	16	58	6	3	48	104	0	4	2	.243	.321	.433	.754
Geovany Soto	CHC	C	125	421	46	96	26	0	17	54	0	0	45	124	0	2	6	.228	.310	.411	.721
Todd Helton	COL	1B	124	421	59	127	27	0	14	69	0	1	59	71	0	8	3	.302	.385	.466	.851
Carlos Quentin	CWS	OF	118	421	53	107	31	0	24	77	1	1	34	84	0	5	23	.254	.340	.499	.839
Russell Martin	NYY	C	125	417	57	99	17	0	18	65	8	2	50	81	1	3	5	.237	.324	.408	.732
Adam Dunn	CWS	1B	122	415	36	66	16	0	11	42	0	1	75	177	0	2	4	.159	.292	.277	.569
Ronny Cedeno	PIT	SS	128	413	43	103	25	3	2	32	2	5	30	93	6	5	0	.249	.297	.339	.636
Brent Morel	CWS	3B	126	413	44	101	18	1	10	41	5	4	22	57	5	1	3	.245	.287	.366	.653
Greg Dobbs	FLA	1B	134	411	38	113	23	0	8	49	0	0	22	83	2	3	1	.275	.311	.389	.700
Carlos Ruiz	PHI	C	132	410	49	116	23	0	6	40	1	0	48	48	3	1	10	.283	.371	.383	.754
Jemile Weeks	OAK	2B	97	406	50	123	26	8	2	36	22	11	21	62	2	4	4	.303	.340	.421	.761
Cody Ross	SF	OF	121	405	54	97	25	0	14	52	5	2	49	96	0	3	4	.240	.325	.405	.730
David Murphy	TEX	OF	120	404	46	111	14	2	11	46	11	6	33	61	1	2	0	.275	.328	.401	.729
Ty Wigginton	COL	3B	130	401	52	97	21	2	15	47	8	1	38	84	1	1	5	.242	.315	.416	.731
Hunter Pence	HOU	OF	100	399	49	123	26	3	11	62	7	1	30	86	0	2	1	.308	.356	.471	.827
Orlando Hudson	SD	2B	119	398	54	98	15	3	7	43	19	3	49	84	1	4	2	.246	.329	.352	.681
Chase Utley	PHI	2B	103	398	54	103	21	6	11	44	14	0	39	47	1	2	14	.259	.344	.425	.769
Yorvit Torrealba	TEX	C	113	396	40	108	27	1	7	37	0	2	20	65	1	2	0	.273	.306	.399	.705
Jason Heyward	ATL	OF	128	396	50	90	18	2	14	42	9	2	51	93	0	3	4	.227	.319	.389	.708
Aaron Hill	TOR	2B	104	396	38	89	15	1	6	45	16	3	23	53	0	6	4	.225	.270	.313	.583
Marco Scutaro	BOS	2B	113	395	59	118	26	1	7	54	4	2	38	36	7	4	1	.299	.358	.423	.781
Ryan Zimmerman	WAS	1B	101	395	52	114	21	2	12	49	3	1	41	73	0	3	1	.289	.355	.443	.798
Daniel Murphy	NYM	2B	109	391	49	125	28	2	6	49	5	5	24	42	3	2	3	.320	.362	.448	.810
David Wright	NYM	3B	102	389	60	99	23	1	14	61	13	2	52	97	0	3	3	.254	.345	.427	.772
Wilson Ramos	WAS	C	113	389	48	104	22	1	15	52	0	2	38	76	4	2	2	.267	.334	.445	.779
Ryan Raburn	DET	OF	121	387	53	99	22	2	14	49	1	1	21	114	4	3	3	.256	.297	.432	.729
Chase Headley	SD	3B	113	381	43	110	28	1	4	44	13	2	52	92	1	3	2	.289	.374	.399	.773
Chris Getz	KC	2B	118	380	50	97	6	3	0	26	21	7	30	45	14	2	3	.255	.313	.287	.600
Adam Kennedy	SEA	3B	114	380	36	89	23	1	7	38	8	2	22	67	4	2	1	.234	.277	.355	.632
Ryan Ludwick	SD	OF	101	378	42	90	18	0	11	64	1	1	32	87	1	5	4	.238	.301	.373	.674
Nyjer Morgan	MIL	OF	119	378	61	115	20	6	4	37	13	4	19	70	15	3	14	.304	.357	.421	.778
Chris Johnson	HOU	3B	107	378	32	95	21	3	7	42	2	2	16	97	0	4	7	.251	.291	.378	.669
Alex Rodriguez	NYY	DH	99	373	67	103	21	0	16	62	4	1	47	80	0	3	5	.276	.362	.461	.823
Sean Rodriguez	TB	2B	131	373	45	83	20	3	8	36	11	7	38	87	5	2	18	.223	.323	.357	.680
Will Venable	SD	OF	121	370	49	91	14	7	9	44	26	3	31	92	1	4	5	.246	.310	.395	.705
Mike Napoli	TEX	1B	113	369	72	118	25	0	30	75	4	2	58	85	0	2	3	.320	.414	.631	1.045
Skip Schumaker	STL	OF	117	367	34	104	19	0	2	38	0	2	27	50	1	3	2	.283	.333	.351	.684
Jason Kubel	MIN	OF	99	366	37	100	21	1	12	58	1	1	32	86	0	2	1	.273	.332	.434	.766
Eric Thames	TOR	1B	95	362	58	95	24	5	12	37	2	1	23	88	1	3	5	.262	.313	.456	.769
Jarrod Saltalamacchia	BOS	C	103	358	52	84	23	3	16	56	1	0	24	119	0	1	3	.235	.288	.450	.738
Carlos Beltran	NYM	OF	98	353	61	102	30	2	15	66	3	0	60	61	0	4	2	.289	.391	.513	.904
Lyle Overbay	PIT	1B	103	352	40	80	17	1	8	37	1	1	36	77	1	1	1	.227	.300	.349	.649
Matt LaPorta	CLE	1B	107	352	34	87	23	1	11	53	1	0	23	87	0	5	5	.247	.299	.412	.711
Willie Bloomquist	ARI	2B	97	350	44	93	10	2	4	26	20	10	23	51	2	2	4	.266	.317	.340	.657
Andres Torres	SF	OF	112	348	50	77	24	1	4	19	19	6	42	95	4	0	4	.221	.312	.330	.642
Chris Iannetta	COL	C	112	345	51	82	17	1	14	55	6	3	70	89	2	4	5	.238	.370	.414	.784
Jorge Posada	NYY	C	115	344	34	81	14	0	14	44	0	2	39	76	0	2	2	.235	.315	.398	.713
Josh Thole	NYM	C	114	340	22	91	17	0	3	40	0	2	38	47	1	3	4	.268	.345	.344	.689
Mike Moustakas	KC	3B	89	338	26	89	18	1	5	30	2	0	22	51	2	2	1	.263	.309	.367	.676
Hanley Ramirez	FLA	1B	92	338	55	82	16	0	10	45	20	10	44	66	1	0	2	.243	.333	.379	.712
Colby Rasmus	STL	OF	94	338	61	83	14	6	11	40	5	2	45	77	1	2	0	.246	.332	.420	.752
Paul Janish	CIN	SS	114	336	27	72	14	1	0	23	3	2	18	46	3	5	4	.214	.259	.262	.521
Brett Wallace	HOU	3B	115	336	37	87	22	0	5	29	1	1	36	91	1	2	3	.259	.334	.369	.703
Nate Schierholtz	SF	OF	115	335	42	93	22	1	9	41	7	4	21	61	0	2	4	.278	.326	.430	.756
Jose Tabata	PIT	OF	91	334	53	89	18	1	4	21	16	7	40	61	1	3	4	.266	.349	.362	.711
Derrek Lee	BAL	1B	85	334	39	82	15	1	12	41	2	1	25	83	0	2	3	.246	.302	.404	.706
Conor Jackson	OAK	OF	102	333	30	83	17	1	4	38	3	1	30	50	0	2	3	.249	.315	.342	.657
David Freese	STL	3B	97	333	41	99	16	1	10	55	1	0	24	75	0	2	4	.297	.350	.441	.791
Dustin Ackley	SEA	1B	90	333	39	91	16	7	6	36	6	0	40	79	0	3	0	.273	.348	.417	.765
Aaron Rowand	SF	OF	108	331	34	77	22	2	4	21	2	3	10	84	0	1	9	.233	.274	.347	.621
Magglio Ordonez	DET	OF	92	329	33	84	10	0	5	32	2	1	23	41	0	4	1	.255	.303	.331	.634
Ruben Tejada	NYM	SS	96	328	31	93	15	1	0	36	5	1	35	50	4	3	6	.284	.360	.335	.695
Daniel Descalso	STL	2B	148	326	35	86	20	3	1	28	2	2	33	65	10	3	3	.264	.334	.353	.687
Travis Hafner	CLE	DH	94	325	41	91	16	0	13	57	0	0	36	78	0	1	6	.280	.361	.449	.810
Orlando Cabrera	CLE	SS	91	324	35	79	13	0	4	38	6	2	13	40	1	3	3	.244	.277	.321	.598
Laynce Nix	WAS	OF	124	324	38	81	15	1	16	44	2	2	23	82	0	3	1	.250	.299	.451	.750
Alexi Casilla	MIN	2B	97	323	52	84	21	4	2	21	15	4	28	45	8	3	3	.260	.322	.368	.690
Franklin Gutierrez	SEA	OF	92	322	26	72	13	0	1	19	13	2	16	56	3	2	1	.224	.261	.273	.534
Miguel Tejada	SF	SS	91	322	28	77	16	0	4	26	4	4	12	35	2	4	3	.239	.270	.326	.596
Stephen Drew	ARI	SS	86	321	44	81	21	5	5	45	4	4	30	74	1	1	1	.252	.317	.396	.713
Jack Hannahan	CLE	1B	110	320	38	80	16	2	8	40	2	1	38	80	4	2	2	.250	.331	.388	.719
Rajai Davis	TOR	OF	95	320	44	76	21	6	1	29	34	11	15	63	1	1	1	.238	.273	.350	.623
Corey Patterson	TOR	OF	89	317	44	80	16	3	6	33	13	8	15	65	6	2	1	.252	.287	.379	.666
Shin-Soo Choo	CLE	OF	85	313	37	81	11	3	8	36	12	5	36	78	0	3	6	.259	.344	.390	.734
Tony Gwynn Jr.	LAD	OF	136	312	37	80	12	6	2	22	22	6	23	61	2	2	1	.256	.308	.353	.661
Eduardo Nunez	NYY	2B	112	309	38	82	18	2	5	30	22	6	22	37	6	1	0	.265	.313	.385	.698
Roger Bernadina	WAS	OF	91	309	40	75	12	2	7	27	17	3	22	63	2	0	4	.243	.301	.362	.663
Jed Lowrie	BOS	2B	88	309	40	78	14	4	6	36	1	1	23	60	1	6	2	.252	.303	.382	.685
Sam Fuld	TB	OF	105	308	41	74	18	5	3	27	20	8	32	49	4	1	1	.240	.313	.360	.673
Chris Denorfia	SD	OF	111	307	38	85	13	2	5	19	11	6	28	49	2	2	1	.277	.337	.381	.718
Rod Barajas	LAD	C	98	305	29	70	13	0	16	47	0	0	22	71	2	3	4	.230	.287	.430	.717
Scott Sizemore	OAK	2B	93	305	42	76	21	1	11	52	4	2	43	93	4	1	2	.249	.345	.433	.778
Delmon Young	MIN	OF	84	305	26	81	16	0	4	32	1	0	18	55	0	2	0	.266	.305	.357	.662
Lucas Duda	NYM	1B	100	301	38	88	21	3	10	50	1	0	33	57	1	5	7	.292	.370	.482	.852
Edgar Renteria	CIN	SS	96	299	34	75	14	0	5	36	4	2	24	65	6	3	1	.251	.306	.348	.654
Ramon Hernandez	CIN	C	91	298	28	84	13	0	12	36	0	0	23	41	0	2	5	.282	.341	.446	.787
Joe Mauer	MIN	1B	82	296	38	85	15	0	3	30	0	0	32	38	0	2	3	.287	.360	.368	.728
Kosuke Fukudome	CHC	OF	87	293	33	80	15	2	3	13	2	2	46	57	5	0	1	.273	.374	.369	.743
Mike Carp	SEA	1B	79	290	27	80	17	1	12	46	0	2	19	81	0	1	3	.276	.326	.466	.792
Angel Sanchez	HOU	SS	110	288	35	69	10	0	1	28	3	0	27	44	10	2	1	.240	.305	.285	.590
Chone Figgins	SEA	OF	81	288	24	54	11	1	1	15	11	6	21	42	2	2	0	.188	.241	.243	.484
Luke Hughes	MIN	3B	96	287	31	64	12	0	7	30	3	2	24	79	2	1	3	.223	.289	.338	.627
Trevor Plouffe	MIN	3B	81	286	47	68	18	1	8	31	3	3	25	71	2	3	4	.238	.305	.392	.697
Denard Span	MIN	OF	70	284	37	75	11	5	2	16	6	1	27	36	0	0	0	.264	.328	.359	.687
Jonathan Herrera	COL	2B	104	281	28	68	5	1	3	14	4	4	28	40	10	0	1	.242	.313	.299	.612
Nick Hundley	SD	C	82	281	34	81	16	5	9	29	1	1	22	74	0	1	4	.288	.347	.477	.824
Chris Heisey	CIN	OF	120	279	44	71	9	1	18	50	6	1	19	78	1	4	5	.254	.309	.487	.796
Wilson Valdez	PHI	SS	99	273	39	68	14	4	1	30	3	3	18	41	7	2	0	.249	.294	.341	.635
Juan Uribe	LAD	3B	77	270	21	55	12	0	4	28	2	0	17	60	0	2	6	.204	.264	.293	.557
Brandon Inge	DET	3B	102	269	29	53	10	2	3	23	1	1	24	74	5	3	2	.197	.265	.283	.548
Chris Coghlan	FLA	3B	65	269	33	62	20	1	5	22	7	6	22	49	1	2	4	.230	.296	.368	.664
Grady Sizemore	CLE	OF	71	268	34	60	21	1	10	32	0	2	18	85	0	3	6	.224	.285	.422	.707
Nate McLouth	ATL	OF	81	267	35	61	12	2	4	16	4	2	44	52	7	0	3	.228	.344	.333	.677
Nolan Reimold	BAL	OF	87	267	40	66	10	3	13	45	7	2	28	57	0	4	6	.247	.328	.453	.781
John Mayberry	PHI	OF	104	267	37	73	17	1	15	49	8	3	26	55	0	1	2	.273	.341	.513	.854
Ryan Hanigan	CIN	C	91	266	27	71	6	0	6	31	0	0	35	32	1	0	2	.267	.356	.357	.713
Justin Morneau	MIN	DH	69	264	19	60	16	0	4	30	0	0	19	44	0	2	3	.227	.285	.333	.618
Ryan Sweeney	OAK	OF	108	264	34	70	11	3	1	25	1	1	33	48	1	1	0	.265	.346	.341	.687
Mark Ellis	COL	2B	70	263	34	72	13	0	6	25	7	3	14	43	5	1	3	.274	.317	.392	.709
Humberto Quintero	HOU	C	79	262	22	63	12	1	2	25	1	0	6	53	1	2	1	.240	.258	.317	.575
Ramon Santiago	DET	SS	101	258	29	67	11	3	5	30	0	0	17	38	11	4	4	.260	.311	.384	.695
Don Kelly	DET	1B	113	257	35	63	8	3	7	28	2	1	14	32	6	1	3	.245	.291	.381	.672
Endy Chavez	TEX	OF	83	256	37	77	11	3	5	27	10	5	10	30	5	3	0	.301	.323	.426	.749
Josh Reddick	BOS	OF	87	254	41	71	18	3	7	28	1	2	19	50	0	4	1	.280	.327	.457	.784
Scott Rolen	CIN	3B	65	252	31	61	20	2	5	36	1	0	10	36	0	3	4	.242	.279	.397	.676
Ben Francisco	PHI	OF	100	250	24	61	10	1	6	34	4	4	33	42	2	3	5	.244	.340	.364	.704
Reid Brignac	TB	3B	92	249	18	48	4	0	1	15	3	1	10	63	4	0	1	.193	.227	.221	.448
J.D. Drew	BOS	OF	81	248	23	55	6	1	4	22	0	1	33	58	0	3	2	.222	.315	.302	.617
Juan Rivera	TOR	OF	70	247	22	60	11	0	6	28	3	2	22	41	0	4	2	.243	.305	.360	.665
Desmond Jennings	TB	OF	63	247	44	64	9	4	10	25	20	6	31	59	3	0	6	.259	.356	.449	.805
Jesus Guzman	SD	OF	76	247	33	77	22	2	5	44	9	2	22	43	0	1	1	.312	.369	.478	.847
Alberto Gonzalez	SD	SS	102	247	18	53	10	2	1	32	1	2	13	37	1	4	2	.215	.256	.283	.539
Jeff Mathis	LAA	C	93	247	18	43	12	0	3	22	1	2	15	75	14	3	2	.174	.225	.259	.484
Reed Johnson	CHC	OF	111	246	33	76	22	1	5	28	2	1	5	63	2	2	11	.309	.348	.467	.815
John Jaso	TB	1B	89	246	26	55	15	1	5	27	1	2	25	36	1	0	1	.224	.298	.354	.652
Miguel Cairo	CIN	1B	102	245	33	65	8	2	8	33	3	4	18	36	3	3	7	.265	.330	.412	.742
Lou Marson	CLE	C	79	243	26	56	9	2	1	19	4	2	24	68	2	2	1	.230	.300	.296	.596
Willie Harris	NYM	2B	126	240	36	59	11	0	2	23	5	4	36	62	1	2	4	.246	.351	.317	.668
Freddy Sanchez	SF	2B	60	239	21	69	15	1	3	24	0	1	13	35	5	1	3	.289	.332	.397	.729
Jason Bourgeois	HOU	OF	93	238	30	70	8	2	1	16	31	6	10	24	4	0	0	.294	.323	.357	.680
Kosuke Fukudome	CLE	OF	59	237	26	59	12	1	5	22	2	4	15	53	1	2	3	.249	.300	.371	.671
Brandon Wood	PIT	3B	99	236	25	52	9	0	7	31	0	0	19	65	1	1	0	.220	.277	.347	.624
Daric Barton	OAK	1B	67	236	27	50	13	0	0	21	2	1	39	47	0	3	2	.212	.325	.267	.592
Eric Hinske	ATL	1B	117	236	24	55	10	0	10	28	0	1	26	71	0	1	1	.233	.311	.403	.714
Pedro Alvarez	PIT	DH	74	235	18	45	9	1	4	19	1	0	24	80	1	0	2	.191	.272	.289	.561
Drew Butera	MIN	C	93	234	19	39	9	1	2	23	0	0	11	42	6	1	2	.167	.210	.239	.449
Mark Kotsay	MIL	OF	104	233	18	63	13	1	3	31	3	0	21	27	0	1	0	.270	.329	.373	.702
Carlos Gomez	MIL	OF	94	231	37	52	11	3	8	24	16	2	15	64	8	2	2	.225	.276	.403	.679
Blake DeWitt	CHC	2B	121	230	21	61	11	4	5	26	1	0	12	31	0	0	1	.265	.305	.413	.718
Ronny Paulino	NYM	C	78	228	19	61	13	0	2	19	0	0	15	38	1	3	1	.268	.312	.351	.663
Michael Bourn	ATL	OF	53	227	30	63	8	3	1	18	22	7	15	50	3	3	1	.278	.321	.352	.673
Jack Cust	SEA	OF	67	225	19	48	15	1	3	23	0	0	44	87	0	0	1	.213	.344	.329	.673
Dee Gordon	LAD	2B	56	224	34	68	9	2	0	11	24	7	7	27	2	0	0	.304	.325	.362	.687
Shelley Duncan	CLE	OF	76	223	29	58	17	0	11	47	0	1	19	56	0	2	3	.260	.324	.484	.808
Brayan Pena	KC	C	72	222	17	55	11	0	3	24	0	0	12	24	0	4	2	.248	.288	.338	.626
Jason Varitek	BOS	C	68	222	32	49	10	1	11	36	0	0	21	67	3	0	4	.221	.300	.423	.723
Tsuyoshi Nishioka	MIN	2B	68	221	14	50	5	0	0	19	2	4	15	43	3	0	1	.226	.278	.249	.527
Kelly Shoppach	TB	C	87	221	23	39	3	0	11	22	0	0	19	79	3	1	9	.176	.268	.339	.607
Jose Altuve	HOU	2B	57	221	26	61	10	1	2	12	7	3	5	29	5	1	2	.276	.297	.357	.654
Mike Fontenot	SF	2B	85	220	22	50	15	3	4	21	5	1	25	48	2	4	1	.227	.304	.377	.681
Juan Rivera	LAD	OF	62	219	24	60	12	1	5	46	2	1	21	35	0	5	1	.274	.333	.406	.739
Andy Dirks	DET	OF	78	219	34	55	13	0	7	28	5	2	11	36	2	0	3	.251	.296	.406	.702
Ryan Doumit	PIT	OF	77	218	17	66	12	1	8	30	0	1	16	35	1	0	1	.303	.353	.477	.830
Jonny Gomes	CIN	OF	77	218	30	46	8	0	11	31	5	3	38	74	0	4	5	.211	.336	.399	.735
Mark Ellis	OAK	2B	62	217	21	47	11	1	1	16	7	2	8	32	4	1	3	.217	.253	.290	.543
Matt Diaz	PIT	OF	100	216	14	56	12	1	0	19	4	2	11	44	0	1	3	.259	.303	.324	.627
Jeff Keppinger	SF	3B	56	216	17	55	11	0	2	15	0	0	8	17	2	2	2	.255	.285	.333	.618
Alex Presley	PIT	OF	52	215	27	64	12	6	4	20	9	3	13	40	1	1	1	.298	.339	.465	.804
Eli Whiteside	SF	C	82	213	14	42	8	2	4	17	2	1	18	59	1	2	2	.197	.264	.310	.574
Jerry Hairston Jr.	WAS	3B	75	213	25	57	11	1	4	24	2	2	22	30	1	0	2	.268	.342	.385	.727
Lonnie Chisenhall	CLE	OF	66	212	27	54	13	0	7	22	1	0	8	49	1	1	1	.255	.284	.415	.699
Luke Scott	BAL	DH	64	209	24	46	11	0	9	22	1	1	24	54	0	2	1	.220	.301	.402	.703
Michael Martinez	PHI	2B	88	209	25	41	5	2	3	24	3	0	18	35	5	2	0	.196	.258	.282	.540
Jason Pridie	NYM	OF	101	208	28	48	11	3	4	20	7	1	24	64	3	1	0	.231	.309	.370	.679
J.D. Martinez	HOU	OF	53	208	29	57	13	0	6	35	0	1	13	48	0	3	2	.274	.319	.423	.742
Matt Tolbert	MIN	2B	87	207	22	41	10	2	0	11	3	2	11	31	4	0	4	.198	.252	.266	.518
Hunter Pence	PHI	OF	54	207	35	67	12	2	11	35	1	1	26	38	0	3	0	.324	.394	.560	.954
Tyler Colvin	CHC	OF	80	206	17	31	8	3	6	20	0	0	14	58	1	1	0	.150	.204	.306	.510
Xavier Nady	ARI	OF	82	206	26	51	11	0	4	35	2	0	10	46	0	4	3	.248	.287	.359	.646
Jim Thome	MIN	DH	71	206	21	50	12	0	12	40	0	0	35	69	0	1	0	.243	.351	.476	.827
Bryan Petersen	FLA	OF	74	204	18	54	13	3	2	10	7	1	26	49	3	3	5	.265	.357	.387	.744
Wilson Betemit	KC	3B	57	203	29	57	15	1	3	27	3	1	20	58	0	3	0	.281	.341	.409	.750
Casey Blake	LAD	3B	63	202	32	51	10	1	4	26	1	2	26	50	5	3	3	.252	.342	.371	.713
Ezequiel Carrera	CLE	OF	68	202	27	49	8	3	0	14	10	5	16	35	7	0	1	.243	.301	.312	.613
Jeff Baker	CHC	2B	81	201	20	54	12	1	3	23	0	0	10	46	0	1	0	.269	.302	.383	.685
Ryan Spilborghs	COL	OF	98	200	22	42	8	1	3	22	2	2	19	49	0	2	2	.210	.283	.305	.588
Allen Craig	STL	OF	75	200	33	63	15	0	11	40	5	0	15	40	1	2	1	.315	.362	.555	.917
Matt Downs	HOU	1B	106	199	29	55	18	0	10	41	0	0	17	47	0	1	5	.276	.347	.518	.865
Jerry Sands	LAD	1B	61	198	20	50	15	0	4	26	3	3	25	51	2	1	1	.253	.338	.389	.727
Eric Young Jr.	COL	OF	77	198	34	49	4	3	0	10	27	4	26	38	1	1	3	.247	.342	.298	.640
Mike McCoy	TOR	SS	80	197	26	39	8	0	2	10	12	2	25	41	5	0	1	.198	.291	.269	.560
Rafael Furcal	STL	2B	50	196	29	50	11	0	7	16	4	2	17	18	2	1	1	.255	.316	.418	.734
Brandon Crawford	SF	SS	66	196	22	40	5	2	3	21	1	3	23	31	1	0	0	.204	.288	.296	.584
Brad Hawpe	SD	OF	62	195	19	45	10	0	4	19	0	0	19	68	0	1	1	.231	.301	.344	.645
Josh Harrison	PIT	2B	65	195	21	53	13	2	1	16	4	1	3	24	5	1	0	.272	.281	.374	.655
Andruw Jones	NYY	OF	77	190	27	47	8	0	13	33	0	0	29	62	0	0	3	.247	.356	.495	.851
Travis Snider	TOR	OF	49	187	23	42	14	0	3	30	9	3	11	56	1	2	1	.225	.269	.348	.617
Brandon Belt	SF	1B	63	187	21	42	6	1	9	18	3	2	20	57	0	0	2	.225	.306	.412	.718
Brent Lillibridge	CWS	OF	97	186	38	48	5	1	13	29	10	6	17	62	4	2	7	.258	.340	.505	.845
Matt Treanor	KC	C	65	186	24	42	6	0	3	21	2	2	33	49	5	2	4	.226	.351	.306	.657
Mike Aviles	KC	SS	53	185	14	41	11	3	5	31	10	2	9	27	3	3	2	.222	.261	.395	.656
Domonic Brown	PHI	OF	56	184	28	45	10	1	5	19	3	1	25	35	0	1	0	.245	.333	.391	.724
Fred Lewis	CIN	OF	81	183	20	42	7	0	3	19	2	5	22	38	1	1	3	.230	.321	.317	.638
Pat Burrell	SF	OF	92	183	17	42	9	1	7	21	0	0	33	67	0	1	2	.230	.352	.404	.756
Kyle Seager	SEA	3B	53	182	22	47	13	0	3	13	3	1	13	36	2	2	2	.258	.312	.379	.691
Mike McKenry	PIT	C	58	180	17	40	12	0	2	11	0	1	14	49	5	2	0	.222	.276	.322	.598
Chris Nelson	COL	3B	63	180	20	45	10	1	4	16	3	1	7	35	0	1	1	.250	.280	.383	.663
Johnny Giavotella	KC	2B	46	178	20	44	9	4	2	21	5	2	6	32	0	2	1	.247	.273	.376	.649
Hank Conger	LAA	C	59	177	14	37	8	0	6	19	0	0	17	37	2	0	1	.209	.282	.356	.638
Nick Evans	NYM	OF	59	176	26	45	10	2	4	25	0	1	15	48	0	2	1	.256	.314	.403	.717
Dioner Navarro	LAD	C	64	176	13	34	6	1	5	17	0	0	20	35	3	2	1	.193	.276	.324	.600
Juan Miranda	ARI	1B	65	174	18	37	8	2	7	23	0	1	23	48	2	0	3	.213	.315	.402	.717
Jack Wilson	SEA	SS	62	173	22	43	8	0	0	11	5	2	9	27	3	2	0	.249	.283	.295	.578
Rene Tosoni	MIN	OF	60	172	20	35	7	1	5	22	0	2	14	42	0	0	3	.203	.275	.343	.618
Jose Molina	TOR	C	55	171	19	48	12	1	3	15	2	1	15	44	4	0	1	.281	.342	.415	.757
Kyle Blanks	SD	1B	55	170	21	39	7	1	7	26	2	0	16	51	0	2	2	.229	.300	.406	.706
Jimmy Paredes	HOU	OF	46	168	16	48	8	2	2	18	5	4	9	47	1	1	0	.286	.320	.393	.713
Delmon Young	DET	OF	40	168	28	46	5	1	8	32	0	0	5	30	0	3	2	.274	.298	.458	.756
John McDonald	TOR	3B	65	168	19	42	8	1	2	20	2	4	8	18	3	2	1	.250	.285	.345	.630
Carlos Beltran	SF	OF	44	167	17	54	9	4	7	18	1	2	11	27	0	0	1	.323	.369	.551	.920
Omar Vizquel	CWS	2B	58	167	18	42	7	1	0	8	1	2	9	18	4	2	0	.251	.287	.305	.592
Felix Pie	BAL	OF	85	164	15	36	8	1	0	7	3	2	10	32	1	0	0	.220	.264	.280	.544
Brian Bogusevic	HOU	OF	87	164	22	47	14	1	4	15	4	2	15	40	1	1	1	.287	.348	.457	.805
Jeff Keppinger	HOU	3B	43	163	22	50	9	0	4	20	0	1	4	7	0	2	0	.307	.320	.436	.756
Brian Roberts	BAL	2B	39	163	18	36	7	1	3	19	6	1	12	21	2	1	0	.221	.273	.331	.604
Buster Posey	SF	C	45	162	17	46	5	0	4	21	3	0	18	30	0	1	4	.284	.368	.389	.757
Chris Stewart	SF	C	67	162	20	33	8	0	3	10	0	0	16	18	3	0	2	.204	.283	.309	.592
Michael Saunders	SEA	OF	58	161	16	24	5	0	2	8	6	2	12	56	5	1	0	.149	.207	.217	.424
Eric Chavez	NYY	3B	58	160	16	42	7	1	2	26	0	0	14	34	0	1	0	.263	.320	.356	.676
Elliot Johnson	TB	SS	70	160	20	31	7	2	4	17	6	7	14	53	6	1	0	.194	.257	.338	.595
Craig Counsell	MIL	SS	107	157	19	28	2	1	1	9	2	1	20	21	5	2	3	.178	.280	.223	.503
Darnell McDonald	BOS	OF	79	157	26	37	6	1	6	24	2	3	14	33	0	2	2	.236	.303	.401	.704
Jason Michaels	HOU	OF	89	156	10	31	9	0	2	10	1	0	11	31	1	0	1	.199	.256	.295	.551
Alex Cora	WAS	SS	91	156	12	35	6	1	0	6	2	0	12	23	1	1	2	.224	.287	.276	.563
Paul Goldschmidt	ARI	1B	48	156	28	39	9	1	8	26	4	0	20	53	0	1	0	.250	.333	.474	.807
Carlos Corporan	HOU	C	52	154	9	29	8	1	0	11	0	0	10	49	3	2	4	.188	.253	.253	.506
Alejandro De Aza	CWS	OF	54	152	29	50	11	3	4	23	12	5	17	34	1	0	1	.329	.400	.520	.920
David Ross	ATL	C	52	152	14	40	7	0	6	23	0	1	16	51	2	0	0	.263	.333	.428	.761
Adam LaRoche	WAS	1B	43	151	15	26	4	0	3	15	1	0	25	37	0	1	0	.172	.288	.258	.546
Austin Kearns	CLE	OF	57	150	18	30	5	1	2	7	0	4	18	48	2	0	4	.200	.302	.287	.589
Brett Lawrie	TOR	2B	43	150	26	44	8	4	9	25	7	1	16	31	2	0	3	.293	.373	.580	.953
Logan Forsythe	SD	2B	62	150	12	32	9	1	0	12	3	1	12	33	2	2	3	.213	.281	.287	.568
Travis Buck	CLE	OF	50	149	18	34	11	0	2	18	1	1	8	30	0	1	2	.228	.275	.342	.617
Salvador Perez	KC	C	39	148	20	49	8	2	3	21	0	0	7	20	0	2	1	.331	.361	.473	.834
Bill Hall	HOU	SS	46	147	18	33	7	2	2	13	1	1	8	55	0	1	2	.224	.272	.340	.612
J.R. Towles	HOU	C	54	147	11	27	7	0	3	11	0	0	13	26	1	2	2	.184	.256	.293	.549
Brandon Allen	OAK	1B	41	146	18	30	9	2	3	11	2	0	11	55	0	1	0	.205	.259	.356	.615
Jorge Cantu	SD	3B	57	144	8	28	4	0	3	16	0	0	7	28	0	3	1	.194	.232	.285	.517
Mike Cameron	FLA	OF	45	143	18	34	8	0	6	18	1	0	20	34	1	0	0	.238	.331	.420	.751
Tony Campana	CHC	OF	95	143	24	37	3	0	1	6	24	2	8	30	3	0	1	.259	.303	.301	.604
Trayvon Robinson	SEA	OF	44	143	12	30	12	0	2	14	1	0	8	61	3	1	0	.210	.250	.336	.586
Carlos Peguero	SEA	OF	46	143	14	28	3	2	6	19	0	1	8	54	0	1	3	.196	.252	.371	.623
Chase d'Arnaud	PIT	2B	48	143	17	31	6	2	0	6	12	2	4	36	2	1	1	.217	.242	.287	.529
Emmanuel Burriss	SF	2B	59	137	14	28	1	0	0	4	11	3	6	17	6	0	3	.204	.253	.212	.465
Rafael Furcal	LAD	2B	37	137	15	27	4	0	1	12	5	3	11	21	1	0	3	.197	.272	.248	.520
Kevin Kouzmanoff	OAK	3B	46	136	13	30	6	0	4	17	2	0	8	27	0	4	1	.221	.262	.353	.615
Jayson Nix	TOR	3B	46	136	15	23	5	1	4	16	4	1	12	42	0	1	2	.169	.245	.309	.554
Jason Kipnis	CLE	2B	36	136	24	37	9	1	7	19	5	0	11	34	0	1	2	.272	.333	.507	.840
Koyie Hill	CHC	C	46	134	15	26	3	1	2	9	1	0	14	40	4	1	0	.194	.268	.276	.544
Jason Repko	MIN	OF	67	133	21	30	2	0	2	11	7	2	6	38	3	0	2	.226	.270	.286	.556
Nick Punto	STL	2B	63	133	21	37	8	4	1	20	1	1	25	21	6	2	0	.278	.388	.421	.809
Craig Gentry	TEX	OF	64	133	26	36	5	1	1	13	18	0	10	27	3	1	6	.271	.347	.346	.693
Colby Rasmus	TOR	OF	35	133	14	23	10	0	3	13	0	0	5	39	1	1	0	.173	.201	.316	.517
Scott Hairston	NYM	OF	79	132	20	31	8	1	7	24	1	1	11	34	0	0	2	.235	.303	.470	.773
Jason Donald	CLE	SS	39	132	13	42	6	1	1	8	3	2	7	35	0	1	3	.318	.364	.402	.766
Jason Giambi	COL	DH	64	131	20	34	6	0	13	32	0	0	17	45	0	1	3	.260	.355	.603	.958
Brett Hayes	FLA	C	64	130	19	30	9	0	5	16	0	0	11	39	3	0	0	.231	.291	.415	.706
Ike Davis	NYM	1B	36	129	20	39	8	1	7	25	0	0	17	31	0	2	1	.302	.383	.543	.926
Anthony Rizzo	SD	1B	49	128	9	18	8	1	1	9	2	1	21	46	0	0	4	.141	.281	.242	.523
Melvin Mora	ARI	3B	42	127	5	29	6	0	0	16	0	1	2	24	0	4	2	.228	.244	.276	.520
Orlando Cabrera	SF	SS	39	126	4	28	3	0	1	13	2	2	4	17	0	3	0	.222	.241	.270	.511
Brian Schneider	PHI	C	41	125	11	22	4	0	2	9	0	0	11	35	1	1	1	.176	.246	.256	.502
Jose Lopez	COL	3B	38	125	10	26	4	0	2	8	2	0	3	15	0	0	1	.208	.233	.288	.521
Ivan Rodriguez	WAS	C	44	124	14	27	7	0	2	19	0	0	10	28	2	0	1	.218	.281	.323	.604
Jerry Hairston Jr.	MIL	3B	45	124	18	34	10	0	1	7	1	0	11	16	0	0	3	.274	.348	.379	.727
Aaron Hill	ARI	2B	33	124	23	39	12	2	2	16	5	4	12	19	2	1	3	.315	.386	.492	.878
Francisco Cervelli	NYY	C	43	124	17	33	4	0	4	22	4	1	9	29	1	1	2	.266	.324	.395	.719
Justin Sellers	LAD	SS	36	123	20	25	9	0	1	13	1	0	12	21	1	1	2	.203	.283	.301	.584
Chris Davis	BAL	1B	31	123	16	34	9	0	2	13	1	0	6	39	0	0	0	.276	.310	.398	.708
Mike Trout	LAA	OF	40	123	20	27	6	0	5	16	4	0	9	30	0	1	2	.220	.281	.390	.671
Ian Stewart	COL	3B	48	122	14	19	6	1	0	6	3	2	14	37	0	0	0	.156	.243	.221	.464
Wilson Betemit	DET	3B	40	120	11	35	7	3	5	19	1	0	11	47	0	2	0	.292	.346	.525	.871
Mark Teahen	CWS	OF	51	118	11	24	3	0	3	11	0	1	12	28	0	0	0	.203	.277	.305	.582
Luis Rodriguez	SEA	2B	44	117	10	23	10	0	2	14	1	2	16	21	2	2	2	.197	.299	.333	.632
Kelly Johnson	TOR	2B	33	115	16	31	4	2	3	9	3	3	16	31	0	0	1	.270	.364	.417	.781
Ross Gload	PHI	1B	93	113	3	29	8	0	0	8	0	0	3	23	0	0	0	.257	.276	.327	.603
Casper Wells	DET	OF	64	113	16	29	10	0	4	12	1	0	9	29	1	0	2	.257	.323	.451	.774
Ryan Ludwick	PIT	OF	38	112	14	26	5	0	2	11	0	0	19	37	1	1	0	.232	.341	.330	.671
Todd Frazier	CIN	3B	41	112	17	26	5	0	6	15	1	0	7	27	0	0	2	.232	.289	.438	.727
Landon Powell	OAK	C	36	111	10	19	3	0	1	4	0	0	11	32	0	0	0	.171	.246	.225	.471
George Kottaras	MIL	C	49	111	15	28	6	1	5	17	0	1	10	26	1	1	0	.252	.311	.459	.770
Bobby Wilson	LAA	C	57	111	5	21	8	0	1	8	0	2	10	16	4	2	0	.189	.252	.288	.540
Tyler Flowers	CWS	C	38	110	13	23	5	1	5	16	0	1	14	38	0	2	3	.209	.310	.409	.719
Sean Burroughs	ARI	3B	78	110	8	30	4	0	1	8	1	0	3	15	1	1	0	.273	.289	.336	.625
Wes Helms	FLA	3B	69	110	10	21	5	0	0	6	0	0	11	35	1	0	2	.191	.276	.236	.512
Jose Constanza	ATL	OF	42	109	21	33	1	1	2	10	7	4	6	14	4	0	0	.303	.339	.385	.724
Chris Marrero	WAS	1B	31	109	6	27	5	0	0	10	0	0	4	27	0	3	1	.248	.274	.294	.568
Dave Sappelt	CIN	OF	38	107	14	26	8	0	0	5	1	1	7	17	4	0	0	.243	.289	.318	.607
Jose Lopez	FLA	3B	44	106	13	24	8	0	6	13	0	0	4	13	1	1	1	.226	.259	.472	.731
Justin Ruggiano	TB	OF	46	105	11	26	4	0	4	13	1	1	4	26	1	1	0	.248	.273	.400	.673
Tyler Greene	STL	SS	58	104	22	22	5	0	1	11	11	0	13	31	0	0	4	.212	.322	.288	.610
Rene Rivera	MIN	C	45	104	9	15	3	0	1	5	0	0	8	32	0	1	1	.144	.211	.202	.413
Brooks Conrad	ATL	3B	92	103	11	23	5	0	4	13	2	0	15	41	2	1	1	.223	.325	.388	.713
Casper Wells	SEA	OF	31	102	14	22	1	0	7	15	2	2	9	42	0	0	5	.216	.310	.431	.741
Dayan Viciedo	CWS	OF	29	102	11	26	3	0	1	6	1	0	9	23	0	0	2	.255	.327	.314	.641
Mike Aviles	BOS	SS	38	101	17	32	6	0	2	8	4	2	4	17	1	1	0	.317	.340	.436	.776
Milton Bradley	SEA	OF	28	101	12	22	6	1	2	13	4	0	13	31	0	0	1	.218	.313	.356	.669
Derrek Lee	PIT	1B	28	101	16	34	2	1	7	18	0	0	8	27	0	1	3	.337	.398	.584	.982
Henry Blanco	ARI	C	37	100	12	25	3	1	8	12	0	1	12	21	0	0	0	.250	.330	.540	.870
Kevin Kouzmanoff	COL	3B	27	98	11	25	5	0	3	16	0	0	4	19	0	1	5	.255	.315	.398	.713
Charlie Blackmon	COL	OF	27	98	9	25	1	0	1	8	5	1	3	8	1	0	0	.255	.277	.296	.573
Felipe Lopez	TB	2B	32	97	8	21	4	0	2	8	1	1	4	28	1	0	0	.216	.248	.320	.568
Pete Orr	PHI	2B	46	96	7	21	3	0	0	4	3	0	6	19	0	0	2	.219	.279	.250	.529
Chris Snyder	PIT	C	34	96	13	26	3	0	3	17	0	1	17	23	2	3	1	.271	.376	.396	.772
Gerald Laird	STL	C	37	95	11	22	7	1	1	12	1	1	9	19	2	1	1	.232	.302	.358	.660
Mitch Maier	KC	OF	45	95	19	22	4	3	0	7	1	0	16	32	0	1	1	.232	.345	.337	.682
Carlos Guillen	DET	2B	28	95	8	22	2	1	3	13	1	1	5	16	0	2	0	.232	.265	.368	.633
Mike Cameron	BOS	OF	33	94	9	14	2	0	3	9	0	0	8	25	1	2	0	.149	.212	.266	.478
Steve Pearce	PIT	1B	50	94	8	19	2	0	1	10	0	0	7	21	1	2	1	.202	.260	.255	.515
Juan Francisco	CIN	3B	31	93	10	24	7	1	3	15	1	0	4	24	0	0	0	.258	.289	.452	.741
Andy LaRoche	OAK	3B	40	93	10	23	6	1	0	5	0	0	8	19	1	0	2	.247	.320	.333	.653
Jonny Gomes	WAS	OF	43	93	11	19	4	1	3	12	2	0	10	31	0	1	3	.204	.299	.366	.665
Donnie Murphy	FLA	3B	36	92	10	17	4	1	2	9	0	0	4	21	0	1	3	.185	.240	.315	.555
Collin Cowgill	ARI	OF	36	92	8	22	3	0	1	9	4	2	8	28	0	0	0	.239	.300	.304	.604
Aaron Cunningham	SD	OF	52	90	12	16	6	1	3	9	1	0	9	17	0	1	1	.178	.257	.367	.624
Ryan Adams	BAL	2B	29	89	9	25	4	0	0	7	0	0	6	25	0	0	1	.281	.333	.326	.659
Eric Patterson	SD	OF	47	89	8	16	2	1	2	8	8	2	12	22	0	2	0	.180	.272	.292	.564
Julio Borbon	TEX	OF	32	89	10	24	1	3	0	11	6	2	3	9	3	1	2	.270	.305	.348	.653
Yonder Alonso	CIN	1B	47	88	9	29	4	0	5	15	0	0	10	21	0	0	0	.330	.398	.545	.943
Craig Tatum	BAL	C	31	87	7	17	3	0	0	7	1	0	6	21	2	1	0	.195	.245	.230	.475
Greg Halman	SEA	OF	35	87	7	20	2	1	2	6	5	1	2	32	1	0	1	.230	.256	.345	.601
Jesus Flores	WAS	C	30	86	5	18	6	0	1	2	0	0	5	27	0	0	0	.209	.253	.314	.567
Mark DeRosa	SF	OF	47	86	9	24	2	0	0	12	1	1	8	18	0	1	2	.279	.351	.302	.653
A.J. Ellis	LAD	C	31	85	8	23	1	1	2	11	0	1	14	16	1	0	3	.271	.392	.376	.768
Will Rhymes	DET	2B	29	85	13	20	3	0	0	2	1	0	11	12	3	0	0	.235	.323	.271	.594
Jordan Pacheco	COL	C	21	84	5	24	1	0	2	14	0	0	3	9	0	0	1	.286	.318	.369	.687
Brian Bixler	WAS	SS	79	83	9	17	1	2	0	2	4	3	7	19	4	0	0	.205	.267	.265	.532
Kila Ka'aihue	KC	1B	23	82	6	16	4	0	2	6	0	0	12	26	1	1	0	.195	.295	.317	.612
Josh Bard	SEA	C	26	81	5	17	4	0	2	11	0	0	5	20	0	0	0	.210	.256	.333	.589
J.B. Shuck	HOU	OF	37	81	9	22	2	1	0	3	2	0	11	7	0	0	0	.272	.359	.321	.680
Matt Angle	BAL	OF	31	79	12	14	4	0	1	7	11	1	12	13	3	0	1	.177	.293	.266	.559
Chris Davis	TEX	1B	28	76	9	19	3	0	3	6	0	0	5	24	0	0	0	.250	.296	.408	.704
Andres Blanco	TEX	3B	36	76	9	17	3	0	2	3	0	1	4	14	2	0	0	.224	.263	.342	.605
Chris Parmelee	MIN	1B	21	76	8	27	6	0	4	14	0	0	12	13	0	0	0	.355	.443	.592	1.035
Kyle Phillips	SD	C	36	76	9	13	3	0	2	10	0	0	8	19	0	0	1	.171	.259	.289	.548
Eliezer Alfonzo	COL	C	25	75	2	20	1	0	1	9	0	0	3	13	0	0	1	.267	.304	.320	.624
Joe Mather	ATL	OF	36	75	4	16	4	0	1	9	0	1	6	23	2	0	0	.213	.272	.307	.579
Josh Wilson	MIL	OF	54	75	10	17	4	0	2	4	1	0	4	21	3	0	0	.227	.266	.360	.626
Brian Dinkelman	MIN	2B	23	73	5	22	1	0	0	4	2	0	4	14	0	0	1	.301	.346	.315	.661
Joe Benson	MIN	OF	21	71	3	17	6	1	0	2	2	2	3	21	0	0	0	.239	.270	.352	.622
Cord Phelps	CLE	2B	35	71	10	11	2	1	1	6	1	0	8	17	1	0	0	.155	.241	.254	.495
David Cooper	TOR	1B	27	71	9	15	7	0	2	12	0	0	7	14	0	2	1	.211	.284	.394	.678
Trent Oeltjen	LAD	OF	61	71	10	14	1	1	2	6	6	0	13	30	4	2	1	.197	.322	.324	.646
Jim Thome	CLE	DH	22	71	11	21	4	0	3	10	0	0	11	23	0	0	0	.296	.390	.479	.869
Eric Sogard	OAK	2B	27	70	7	14	3	0	2	4	0	0	4	13	0	0	0	.200	.243	.329	.572
Ramon Castro	CWS	C	23	68	6	16	3	0	4	10	0	0	7	23	0	0	0	.235	.307	.456	.763
DeWayne Wise	FLA	OF	49	67	6	16	2	0	0	5	4	2	3	21	0	1	1	.239	.278	.269	.547
Wily Mo Pena	SEA	OF	22	67	8	14	3	0	2	8	0	0	5	20	0	0	2	.209	.284	.343	.627
Marcus Thames	LAD	OF	36	66	4	13	1	1	2	7	0	0	4	16	0	0	0	.197	.243	.333	.576
Russell Branyan	LAA	1B	37	65	7	12	2	0	4	12	2	0	11	21	0	1	0	.185	.299	.400	.699
Matt Stairs	WAS	OF	56	65	4	10	1	0	0	2	0	0	9	23	0	0	0	.154	.257	.169	.426
Tony Cruz	STL	C	38	65	8	17	5	0	0	6	0	1	6	13	0	0	1	.262	.333	.338	.671
Scott Sizemore	DET	2B	17	63	8	14	1	0	0	4	1	1	10	19	1	0	0	.222	.329	.238	.567
Russell Branyan	ARI	1B	31	62	4	13	5	0	1	2	0	0	7	20	0	0	0	.210	.290	.339	.629
Jesus Montero	NYY	1B	18	61	9	20	4	0	4	12	0	0	7	17	0	0	1	.328	.406	.590	.996
Jake Fox	BAL	1B	27	61	8	15	4	1	2	6	0	0	4	8	0	0	2	.246	.313	.443	.756
Josh Bell	BAL	3B	26	61	6	10	0	0	0	6	0	0	4	25	0	0	0	.164	.215	.164	.379
Adam Rosales	OAK	2B	24	61	5	6	0	0	2	8	0	0	4	13	0	2	1	.098	.162	.197	.359
DJ LeMahieu	CHC	2B	37	60	3	15	2	0	0	4	0	0	1	12	1	0	0	.250	.262	.283	.545
Adam Everett	CLE	SS	34	60	9	13	1	0	0	1	1	0	5	14	2	0	0	.217	.277	.233	.510
Jose Morales	COL	C	22	60	6	16	3	0	0	7	0	1	9	12	0	2	0	.267	.352	.317	.669
Bryan LaHair	CHC	1B	20	59	9	17	5	1	2	6	0	0	9	18	0	1	0	.288	.377	.508	.885
John McDonald	ARI	3B	19	59	2	10	2	0	0	2	0	0	4	9	0	0	0	.169	.222	.203	.425
Luis Martinez	SD	C	22	59	7	12	1	1	1	10	1	0	8	14	0	0	1	.203	.309	.305	.614
Chris Gimenez	SEA	C	24	59	6	12	1	0	1	6	0	1	10	13	0	1	0	.203	.314	.271	.585
Blake Davis	BAL	SS	25	59	6	15	3	1	1	6	1	1	6	13	0	0	0	.254	.323	.390	.713
Jay Gibbons	LAD	OF	24	55	5	14	2	0	1	5	0	0	5	14	0	1	1	.255	.323	.345	.668
Robinson Chirinos	TB	C	20	55	4	12	2	0	1	7	0	0	5	13	0	0	0	.218	.283	.309	.592
Wilin Rosario	COL	1B	16	54	6	11	3	1	3	8	0	0	2	20	0	1	0	.204	.228	.463	.691
Luis Montanez	CHC	OF	36	54	6	12	4	0	1	9	0	1	2	9	0	0	1	.222	.263	.352	.615
Drew Sutton	BOS	3B	31	54	11	17	7	0	0	7	0	0	3	13	2	0	1	.315	.362	.444	.806
Mike Nickeas	NYM	C	21	53	4	10	1	0	1	6	0	1	4	11	2	0	0	.189	.246	.264	.510
Scott Cousins	FLA	OF	48	52	5	7	1	0	1	4	1	1	6	21	0	0	0	.135	.224	.212	.436
Ryan Langerhans	SEA	OF	19	52	6	9	0	0	3	6	0	1	11	22	1	0	0	.173	.317	.346	.663
Alexi Amarista	LAA	2B	23	52	2	8	3	1	0	5	0	0	2	8	1	1	0	.154	.182	.250	.432
Corey Patterson	STL	OF	44	51	5	8	4	0	0	3	0	1	2	12	3	0	0	.157	.189	.235	.424
Russell Mitchell	LAD	3B	25	51	5	8	1	0	2	3	0	0	7	10	0	0	0	.157	.259	.294	.553
Brett Pill	SF	1B	15	50	7	15	3	2	2	9	0	1	2	8	0	1	0	.300	.321	.560	.881
Wil Nieves	MIL	C	20	50	2	7	2	0	0	0	0	0	3	12	1	0	0	.140	.189	.180	.369
Chris Dickerson	NYY	OF	60	50	9	13	2	0	1	7	4	0	2	17	1	1	1	.260	.296	.360	.656
Devin Mesoraco	CIN	C	18	50	5	9	3	0	2	6	0	0	3	10	0	0	0	.180	.226	.360	.586
Geoff Blum	ARI	3B	23	49	8	11	3	0	2	10	0	0	5	9	0	0	1	.224	.309	.408	.717
Tommy Field	COL	2B	16	48	4	13	0	0	0	3	0	0	3	14	0	0	0	.271	.314	.271	.585
Matt Young	ATL	OF	20	48	4	10	1	0	0	1	0	1	4	6	0	0	0	.208	.269	.229	.498
Justin Christian	SF	OF	18	47	6	12	5	0	0	4	3	2	2	8	2	0	0	.255	.286	.362	.648
Mark Hamilton	STL	1B	38	47	5	10	3	0	0	4	0	0	4	16	0	0	0	.213	.275	.277	.552
Wily Mo Pena	ARI	OF	17	46	7	9	0	0	5	7	0	0	0	19	0	0	0	.196	.196	.522	.718
James Darnell	SD	OF	18	45	2	10	2	0	1	7	1	0	5	7	1	1	0	.222	.294	.333	.627
Matt Dominguez	FLA	3B	17	45	2	11	4	0	0	2	0	0	2	8	0	0	1	.244	.292	.333	.625
Chris Carter	OAK	1B	15	44	2	6	0	0	0	0	0	0	2	20	0	0	0	.136	.174	.136	.310
Andy Parrino	SD	SS	24	44	3	8	1	0	0	4	1	0	9	17	0	1	1	.182	.327	.205	.532
Alfredo Amezaga	FLA	OF	20	44	1	6	0	0	0	2	0	0	4	7	1	0	0	.136	.208	.136	.344
Jarrod Dyson	KC	OF	26	44	8	9	1	0	0	3	11	1	7	14	1	1	0	.205	.308	.227	.535
Julio Lugo	ATL	SS	22	44	3	6	0	0	0	3	0	0	4	11	0	0	0	.136	.208	.136	.344
Felipe Lopez	MIL	2B	16	44	4	8	0	0	0	3	0	0	4	7	2	1	0	.182	.245	.182	.427
Jason Jaramillo	PIT	C	23	43	1	14	3	0	0	6	1	0	2	12	0	0	0	.326	.356	.395	.751
Luis Valbuena	CLE	3B	17	43	4	9	0	0	1	1	1	0	1	9	0	0	0	.209	.227	.279	.506
Mark Teahen	TOR	OF	27	42	3	8	1	0	1	3	0	0	4	17	1	0	0	.190	.261	.286	.547
Lyle Overbay	ARI	1B	18	42	3	12	4	0	1	10	1	0	6	11	0	0	1	.286	.388	.452	.840
Jack Wilson	ATL	SS	17	41	3	9	1	0	0	0	0	0	1	12	3	0	0	.220	.238	.244	.482
Brandon Guyer	TB	OF	15	41	7	8	1	0	2	3	0	0	1	9	1	0	0	.195	.214	.366	.580
Ramiro Pena	NYY	2B	23	40	5	4	0	0	1	4	0	0	2	11	2	1	1	.100	.159	.175	.334
Alex Liddi	SEA	3B	15	40	7	9	3	0	3	6	1	0	3	17	0	0	1	.225	.295	.525	.820
Jeremy Hermida	SD	OF	20	40	3	9	2	1	1	6	0	0	7	19	0	0	1	.225	.354	.400	.754
Ryan Lavarnway	BOS	C	17	39	5	9	2	0	2	8	0	0	4	10	0	0	0	.231	.302	.436	.738
Bill Hall	SF	SS	16	38	6	6	2	0	0	1	2	1	3	8	0	0	0	.158	.220	.211	.431
Danny Worth	DET	2B	30	37	6	10	2	0	0	3	0	0	2	9	0	0	0	.270	.308	.324	.632
Taylor Green	MIL	3B	20	37	2	10	3	0	0	1	0	0	0	6	0	0	0	.270	.270	.351	.621
Eugenio Velez	LAD	2B	34	37	5	0	0	0	0	1	1	0	2	11	0	0	1	.000	.075	.000	.075
Zack Cozart	CIN	3B	11	37	6	12	0	0	2	3	0	0	0	6	1	0	0	.324	.324	.486	.810
Brad Emaus	NYM	2B	14	37	2	6	0	0	0	1	0	0	4	9	0	0	1	.162	.262	.162	.424
Yamaico Navarro	BOS	SS	16	37	6	8	2	0	1	3	0	0	3	9	0	0	0	.216	.275	.351	.626
Matt Diaz	ATL	OF	16	35	2	10	1	0	0	1	1	0	1	8	0	1	0	.286	.297	.314	.611
Blake Tekotte	SD	OF	19	34	1	6	1	1	0	1	2	1	4	21	2	0	0	.176	.263	.265	.528
Taylor Teagarden	TEX	C	14	34	3	8	2	0	0	2	0	0	2	13	0	0	0	.235	.278	.294	.572
Mike Baxter	NYM	OF	22	34	6	8	2	1	1	4	0	0	5	9	0	0	1	.235	.350	.441	.791
Jose Lobaton	TB	C	15	34	2	4	1	0	0	0	0	0	4	8	0	0	1	.118	.231	.147	.378
Diory Hernandez	ATL	SS	22	33	4	7	1	0	1	4	0	0	0	5	2	0	0	.212	.212	.333	.545
Pedro Ciriaco	PIT	3B	23	33	4	10	2	1	0	6	2	1	1	6	0	0	0	.303	.324	.424	.748
Alfredo Amezaga	COL	OF	20	33	5	8	1	0	0	2	0	0	3	7	1	1	0	.242	.297	.273	.570
Cody Ransom	ARI	SS	12	33	3	5	2	0	1	4	1	0	3	9	0	0	1	.152	.243	.303	.546
Dane Sardinha	PHI	C	15	32	8	7	1	0	0	1	0	0	10	13	0	0	1	.219	.419	.250	.669
DeWayne Wise	TOR	OF	20	32	4	4	0	1	2	2	2	0	0	15	0	0	0	.125	.125	.375	.500
Ivan De Jesus	LAD	SS	17	32	2	6	0	0	0	1	0	0	2	11	1	0	0	.188	.235	.188	.423
Steve Lombardozzi	WAS	2B	13	31	3	6	1	0	0	1	0	0	1	4	0	0	0	.194	.219	.226	.445
Hector Sanchez	SF	C	13	31	0	8	2	0	0	1	0	0	3	6	0	0	0	.258	.324	.323	.647
Michael Taylor	OAK	OF	11	30	4	6	0	0	1	1	0	0	5	11	0	0	0	.200	.314	.300	.614
Cesar Izturis	BAL	SS	18	30	4	6	0	0	0	1	0	0	2	10	1	0	0	.200	.250	.200	.450
Erick Almonte	MIL	3B	16	29	1	3	0	0	1	3	0	0	0	4	0	0	0	.103	.103	.207	.310
Brandon Allen	ARI	1B	11	29	5	5	0	0	3	7	1	0	7	13	0	0	1	.172	.351	.483	.834
Kyle Hudson	BAL	OF	14	28	3	4	0	0	0	2	2	0	0	6	1	0	0	.143	.143	.143	.286
Trevor Crowe	CLE	OF	15	28	6	6	1	0	0	2	3	0	4	9	0	0	0	.214	.313	.250	.563
Dustin Brown	PIT	C	11	28	2	3	0	0	0	0	1	0	1	10	1	0	0	.107	.138	.107	.245
Joe Inglett	HOU	2B	20	27	3	6	1	0	0	1	0	0	0	7	0	0	0	.222	.222	.259	.481
Michael Wilson	SEA	OF	8	27	0	4	1	0	0	3	0	0	1	7	0	0	0	.148	.179	.185	.364
Mat Gamel	MIL	1B	10	26	1	3	1	0	0	2	0	0	1	4	0	0	0	.115	.148	.154	.302
Wilkin Ramirez	ATL	OF	20	26	5	6	2	0	0	2	0	2	4	11	0	0	0	.231	.333	.308	.641
Eric Fryer	PIT	C	10	26	5	7	0	0	0	0	1	1	3	7	0	0	0	.269	.345	.269	.614
Josh Satin	NYM	1B	15	25	3	5	1	0	0	2	0	0	1	11	0	0	1	.200	.259	.240	.499
Chris Valaika	CIN	2B	14	25	3	7	1	1	0	0	0	0	2	3	0	0	0	.280	.333	.400	.733
Jerad Head	CLE	OF	10	24	2	3	1	0	0	1	1	0	0	5	0	0	1	.125	.160	.167	.327
Ozzie Martinez	FLA	SS	20	23	0	3	0	0	0	1	0	0	0	9	0	0	0	.130	.130	.130	.260
Yamaico Navarro	KC	SS	6	23	2	7	1	0	0	6	0	0	2	5	0	1	0	.304	.346	.348	.694
Andrew Brown	STL	OF	11	22	1	4	1	0	0	3	0	0	0	8	0	0	0	.182	.182	.227	.409
Fernando Martinez	NYM	OF	11	22	3	5	2	0	1	2	0	0	1	7	0	0	0	.227	.261	.455	.716
Omar Quintanilla	TEX	SS	11	22	3	1	0	1	0	2	0	0	0	9	1	0	0	.045	.045	.136	.181
Reggie Willits	LAA	OF	22	22	0	1	1	0	0	1	0	0	4	7	2	0	0	.045	.192	.091	.283
Omir Santos	DET	C	11	22	1	5	0	0	0	0	0	0	0	4	0	0	0	.227	.227	.227	.454
Lorenzo Cain	KC	OF	6	22	4	6	1	0	0	1	0	0	1	4	0	0	0	.273	.304	.318	.622
Matt Pagnozzi	COL	C	7	21	2	6	0	0	0	2	0	0	1	8	2	0	1	.286	.348	.286	.634
Brandon Hicks	ATL	SS	17	21	1	1	0	0	0	1	0	0	1	9	0	0	0	.048	.091	.048	.139
Brandon Laird	NYY	3B	11	21	3	4	0	0	0	1	0	0	3	4	1	0	0	.190	.292	.190	.482
Chin-lung Hu	NYM	SS	22	20	2	1	0	0	0	1	1	0	1	11	1	1	0	.050	.091	.050	.141
Conor Jackson	BOS	OF	12	19	2	3	0	0	1	5	0	0	2	3	0	1	0	.158	.227	.316	.543
Brandon Boggs	MIL	OF	16	19	4	3	0	0	2	2	1	0	3	8	0	0	0	.158	.273	.474	.747
Conor Gillaspie	SF	3B	15	19	2	5	0	0	1	2	0	0	2	1	0	0	0	.263	.333	.421	.754
Austin Romine	NYY	C	9	19	2	3	0	0	0	0	0	0	1	5	0	0	0	.158	.200	.158	.358
Jeremy Hermida	CIN	OF	10	18	2	2	0	0	1	3	0	0	0	7	0	0	0	.111	.111	.278	.389
Steve Holm	MIN	C	6	17	1	2	1	0	0	0	0	0	1	4	0	0	0	.118	.167	.176	.343
Manny Ramirez	TB	OF	5	17	0	1	0	0	0	1	0	0	0	4	0	0	0	.059	.059	.059	.118
Pete Kozma	STL	SS	16	17	2	3	1	0	0	1	0	0	4	4	1	0	0	.176	.333	.235	.568
John Bowker	PIT	OF	19	17	0	4	1	0	0	2	0	1	2	4	0	0	0	.235	.316	.294	.610
Anthony Recker	OAK	C	5	17	3	3	1	0	0	0	0	0	4	7	0	0	0	.176	.333	.235	.568
Andrew Romine	LAA	SS	10	16	2	2	0	0	0	0	1	0	1	6	1	0	0	.125	.176	.125	.301
Matt Carpenter	STL	1B	7	15	0	1	1	0	0	0	0	0	4	4	0	0	0	.067	.263	.133	.396
Dallas McPherson	CWS	3B	11	15	1	2	0	0	0	0	0	0	0	7	0	0	0	.133	.133	.133	.266
Juan Castro	LAD	SS	7	14	2	4	0	0	0	1	0	0	1	4	0	0	0	.286	.333	.286	.619
Darren Ford	SF	OF	26	14	7	4	0	0	0	0	7	5	1	5	0	0	1	.286	.375	.286	.661
Brandon Wood	LAA	3B	6	14	1	2	1	0	0	0	0	0	0	8	1	0	0	.143	.143	.214	.357
Manny Pina	KC	C	4	14	2	3	2	0	0	0	0	0	1	2	0	0	0	.214	.267	.357	.624
Brandon Snyder	BAL	3B	6	13	2	3	1	0	0	1	0	0	3	4	0	0	1	.231	.412	.308	.720
John Bowker	PHI	OF	12	13	0	0	0	0	0	0	0	0	0	7	0	0	0	.000	.000	.000	.000
Tim Federowicz	LAD	C	7	13	0	2	0	0	0	1	0	0	2	4	0	0	1	.154	.313	.154	.467
Welington Castillo	CHC	C	4	13	0	2	0	0	0	0	0	0	0	4	0	0	0	.154	.154	.154	.308
John Baker	FLA	C	16	13	0	2	0	0	0	1	0	0	2	3	1	0	0	.154	.267	.154	.421
Vinny Rottino	FLA	OF	8	12	1	2	0	0	0	0	0	0	2	4	0	0	0	.167	.286	.167	.453
Jai Miller	OAK	OF	7	12	2	3	0	0	1	2	0	0	0	5	0	0	0	.250	.250	.500	.750
Josh Rodriguez	PIT	2B	7	12	1	1	0	0	0	1	0	0	1	8	0	0	1	.083	.214	.083	.297
Greg Golson	NYY	OF	9	11	1	2	0	0	0	0	1	0	1	2	0	0	0	.182	.250	.182	.432
Valentino Pascucci	NYM	1B	10	11	1	3	0	0	1	2	0	0	0	3	0	0	0	.273	.273	.545	.818
Esteban German	TEX	2B	11	11	6	5	1	0	1	4	1	0	1	1	0	1	0	.455	.462	.818	1.280
Chris Woodward	TOR	3B	11	10	3	0	0	0	0	0	0	0	0	4	0	0	0	.000	.000	.000	.000
Matt Treanor	TEX	C	7	10	0	0	0	0	0	1	0	0	1	4	0	1	0	.000	.083	.000	.083
Josh Wilson	ARI	OF	6	10	3	2	1	0	0	1	0	0	0	1	0	0	0	.200	.200	.300	.500
Donny Lucy	CWS	C	6	10	1	2	1	0	0	1	0	0	1	5	0	0	0	.200	.273	.300	.573
Efren Navarro	LAA	1B	8	10	1	2	1	0	0	0	0	0	1	1	1	0	0	.200	.273	.300	.573
Cole Garner	COL	OF	4	9	1	2	0	0	0	3	0	0	1	6	0	0	0	.222	.300	.222	.522
J.C. Boscan	ATL	C	4	9	0	3	0	0	0	0	0	0	0	5	0	0	0	.333	.333	.333	.666
Brad Snyder	CHC	OF	8	9	1	1	0	0	0	0	0	0	0	6	0	0	0	.111	.111	.111	.222
Matt Pagnozzi	PIT	C	5	8	0	2	0	0	0	1	0	0	0	2	1	0	0	.250	.250	.250	.500
Jeremy Moore	LAA	OF	8	8	3	1	0	0	0	0	0	0	0	2	0	0	0	.125	.125	.125	.250
Adron Chambers	STL	OF	18	8	2	3	0	1	0	4	0	0	0	1	0	0	0	.375	.375	.625	1.000
Everth Cabrera	SD	SS	2	8	1	1	0	0	0	0	2	0	1	3	0	0	0	.125	.222	.125	.347
Pedro Florimon	BAL	SS	4	8	1	1	1	0	0	2	0	0	1	6	1	0	0	.125	.222	.250	.472
Leonys Martin	TEX	OF	8	8	2	3	1	0	0	0	0	0	0	1	0	0	0	.375	.375	.500	.875
Eduardo Escobar	CWS	SS	9	7	0	2	0	0	0	0	0	0	0	1	0	0	0	.286	.286	.286	.572
Jeremy Reed	MIL	OF	7	7	0	0	0	0	0	0	0	0	0	2	0	0	0	.000	.000	.000	.000
Hector Gimenez	LAD	C	4	7	0	1	0	0	0	0	0	0	0	3	0	0	0	.143	.143	.143	.286
Shane Robinson	STL	OF	9	7	0	0	0	0	0	0	0	0	1	2	0	0	0	.000	.125	.000	.125
Erik Kratz	PHI	C	2	6	0	2	1	0	0	0	0	0	0	1	0	0	0	.333	.333	.500	.833
Adam Moore	SEA	C	2	6	0	1	1	0	0	0	0	0	0	2	0	0	0	.167	.167	.333	.500
Brandon Moss	PHI	DH	5	6	0	0	0	0	0	0	0	0	0	2	0	0	0	.000	.000	.000	.000
Gil Velazquez	LAA	3B	4	6	0	3	0	0	0	1	0	0	0	0	0	1	0	.500	.429	.500	.929
Gustavo Molina	NYY	C	3	6	0	1	1	0	0	0	0	0	0	0	0	0	0	.167	.167	.333	.500
Robinson Cancel	HOU	C	2	6	0	0	0	0	0	0	0	0	1	4	0	0	0	.000	.143	.000	.143
Mike Rivera	MIL	C	1	6	0	2	0	0	0	0	0	0	0	1	0	0	0	.333	.333	.333	.666
Jose Iglesias	BOS	SS	10	6	3	2	0	0	0	0	0	0	0	2	0	0	0	.333	.333	.333	.666
Hector Gomez	COL	2B	2	6	1	2	0	0	0	0	0	0	1	2	0	0	0	.333	.429	.333	.762
Luis Durango	HOU	OF	2	6	0	1	0	0	0	1	0	0	1	1	0	0	0	.167	.286	.167	.453
Cole Gillespie	ARI	OF	5	6	2	2	0	0	1	4	0	0	1	1	0	0	0	.333	.429	.833	1.262
Lars Anderson	BOS	OF	6	5	2	0	0	0	0	0	0	0	0	3	0	0	0	.000	.000	.000	.000
Cedric Hunter	SD	OF	6	4	1	1	0	0	0	0	0	1	1	0	0	0	0	.250	.400	.250	.650
Steve Clevenger	CHC	C	2	4	1	1	1	0	0	0	0	0	0	0	0	0	1	.250	.400	.500	.900
Jamie Hoffmann	LAD	OF	2	4	0	0	0	0	0	0	0	0	0	1	0	0	0	.000	.000	.000	.000
Wyatt Toregas	PIT	C	3	4	0	0	0	0	0	0	0	0	0	1	0	0	0	.000	.000	.000	.000
Nate Spears	BOS	2B	3	4	0	0	0	0	0	0	0	0	0	1	0	0	0	.000	.000	.000	.000
Lastings Milledge	CWS	OF	2	4	1	1	1	0	0	0	0	0	0	1	0	0	0	.250	.250	.500	.750
Antoan Richardson	ATL	OF	9	4	2	2	0	0	0	0	1	0	0	0	0	0	0	.500	.500	.500	1.000
Joe Thurston	FLA	2B	1	4	0	1	0	0	0	0	1	0	0	1	0	0	0	.250	.250	.250	.500
Logan Schafer	MIL	OF	8	3	1	1	0	0	0	0	0	0	1	1	1	0	0	.333	.500	.333	.833
Brett Carroll	MIL	OF	2	3	0	0	0	0	0	0	0	0	0	1	0	0	0	.000	.000	.000	.000
Russ Canzler	TB	1B	3	3	0	1	0	0	0	1	0	0	1	1	0	1	0	.333	.400	.333	.733
Corey Brown	WAS	OF	3	3	0	0	0	0	0	0	0	0	0	2	0	0	0	.000	.000	.000	.000
Darin Mastroianni	TOR	OF	1	2	0	0	0	0	0	0	0	0	0	1	1	0	0	.000	.000	.000	.000
Robby Hammock	ARI	C	2	2	0	0	0	0	0	0	0	0	0	0	0	0	0	.000	.000	.000	.000